step,hidden_state,observation
0,MEDIUM,LOW
1,MEDIUM,MEDIUM
2,MEDIUM,MEDIUM
3,HIGH,MEDIUM
4,HIGH,LOW
5,MEDIUM,MEDIUM
6,LOW,LOW
7,LOW,LOW
8,LOW,LOW
9,MEDIUM,LOW
10,HIGH,HIGH
11,HIGH,HIGH
12,HIGH,HIGH
13,MEDIUM,LOW
14,HIGH,HIGH
15,HIGH,HIGH
16,HIGH,HIGH
17,HIGH,HIGH
18,HIGH,HIGH
19,HIGH,HIGH
20,HIGH,MEDIUM
21,MEDIUM,MEDIUM
22,LOW,LOW
23,LOW,LOW
24,LOW,LOW
25,LOW,LOW
26,LOW,MEDIUM
27,LOW,LOW
28,LOW,LOW
29,LOW,LOW
30,HIGH,HIGH
31,HIGH,HIGH
32,HIGH,HIGH
33,MEDIUM,LOW
34,MEDIUM,MEDIUM
35,MEDIUM,HIGH
36,HIGH,HIGH
37,HIGH,HIGH
38,HIGH,HIGH
39,MEDIUM,MEDIUM
40,MEDIUM,MEDIUM
41,MEDIUM,HIGH
42,MEDIUM,MEDIUM
43,HIGH,HIGH
44,MEDIUM,LOW
45,LOW,LOW
46,MEDIUM,MEDIUM
47,LOW,LOW
48,HIGH,HIGH
49,HIGH,HIGH
50,LOW,LOW
51,LOW,LOW
52,LOW,LOW
53,LOW,LOW
54,LOW,MEDIUM
55,MEDIUM,MEDIUM
56,MEDIUM,MEDIUM
57,HIGH,HIGH
58,MEDIUM,MEDIUM
59,MEDIUM,MEDIUM
60,MEDIUM,MEDIUM
61,MEDIUM,MEDIUM
62,LOW,LOW
63,LOW,MEDIUM
64,MEDIUM,MEDIUM
65,MEDIUM,LOW
66,HIGH,HIGH
67,MEDIUM,MEDIUM
68,LOW,LOW
69,MEDIUM,MEDIUM
70,MEDIUM,MEDIUM
71,MEDIUM,MEDIUM
72,MEDIUM,MEDIUM
73,MEDIUM,MEDIUM
74,MEDIUM,MEDIUM
75,HIGH,HIGH
76,HIGH,HIGH
77,MEDIUM,MEDIUM
78,MEDIUM,MEDIUM
79,MEDIUM,MEDIUM
80,LOW,LOW
81,LOW,MEDIUM
82,MEDIUM,LOW
83,MEDIUM,MEDIUM
84,MEDIUM,MEDIUM
85,HIGH,HIGH
86,HIGH,HIGH
87,HIGH,HIGH
88,MEDIUM,MEDIUM
89,MEDIUM,MEDIUM
90,MEDIUM,MEDIUM
91,HIGH,MEDIUM
92,HIGH,HIGH
93,HIGH,HIGH
94,MEDIUM,MEDIUM
95,MEDIUM,MEDIUM
96,MEDIUM,HIGH
97,MEDIUM,MEDIUM
98,MEDIUM,LOW
99,HIGH,HIGH
100,HIGH,HIGH
101,HIGH,HIGH
102,HIGH,HIGH
103,HIGH,MEDIUM
104,HIGH,HIGH
105,MEDIUM,MEDIUM
106,MEDIUM,MEDIUM
107,HIGH,HIGH
108,HIGH,HIGH
109,MEDIUM,MEDIUM
110,HIGH,HIGH
111,HIGH,HIGH
112,MEDIUM,MEDIUM
113,MEDIUM,MEDIUM
114,LOW,MEDIUM
115,LOW,LOW
116,LOW,LOW
117,LOW,LOW
118,MEDIUM,MEDIUM
119,MEDIUM,MEDIUM
120,MEDIUM,MEDIUM
121,MEDIUM,HIGH
122,MEDIUM,MEDIUM
123,MEDIUM,MEDIUM
124,MEDIUM,MEDIUM
125,MEDIUM,MEDIUM
126,LOW,LOW
127,HIGH,HIGH
128,MEDIUM,MEDIUM
129,MEDIUM,HIGH
130,HIGH,HIGH
131,HIGH,HIGH
132,HIGH,HIGH
133,HIGH,HIGH
134,HIGH,LOW
135,HIGH,HIGH
136,HIGH,HIGH
137,MEDIUM,MEDIUM
138,LOW,LOW
139,LOW,LOW
140,LOW,LOW
141,LOW,LOW
142,LOW,MEDIUM
143,MEDIUM,LOW
144,MEDIUM,MEDIUM
145,LOW,LOW
146,LOW,LOW
147,LOW,LOW
148,LOW,LOW
149,LOW,MEDIUM
150,MEDIUM,MEDIUM
151,HIGH,HIGH
152,MEDIUM,MEDIUM
153,MEDIUM,HIGH
154,MEDIUM,MEDIUM
155,HIGH,HIGH
156,MEDIUM,LOW
157,MEDIUM,MEDIUM
158,MEDIUM,MEDIUM
159,LOW,MEDIUM
160,MEDIUM,HIGH
161,HIGH,HIGH
162,LOW,LOW
163,LOW,MEDIUM
164,MEDIUM,MEDIUM
165,HIGH,HIGH
166,HIGH,MEDIUM
167,HIGH,HIGH
168,MEDIUM,MEDIUM
169,MEDIUM,MEDIUM
170,MEDIUM,MEDIUM
171,LOW,LOW
172,LOW,LOW
173,HIGH,HIGH
174,HIGH,HIGH
175,HIGH,HIGH
176,HIGH,MEDIUM
177,HIGH,HIGH
178,HIGH,HIGH
179,MEDIUM,MEDIUM
180,MEDIUM,MEDIUM
181,MEDIUM,MEDIUM
182,MEDIUM,MEDIUM
183,MEDIUM,MEDIUM
184,LOW,MEDIUM
185,LOW,LOW
186,LOW,LOW
187,LOW,LOW
188,LOW,LOW
189,LOW,LOW
190,LOW,LOW
191,LOW,LOW
192,LOW,LOW
193,LOW,LOW
194,MEDIUM,MEDIUM
195,HIGH,HIGH
196,HIGH,HIGH
197,LOW,LOW
198,LOW,LOW
199,LOW,LOW
